{
  "id": "/subscriptions/a69f5137-c2bc-414f-be0e-95b97c2cbce7/resourceGroups/nic/providers/Microsoft.Resources/deployments/Microsoft.SQLDatabase.newDatabaseNewServerNewElasticPool_191b686",
  "name": "Microsoft.SQLDatabase.newDatabaseNewServerNewElasticPool_191b686",
  "type": "Microsoft.Resources/deployments",
  "tags": {
    "primaryResourceId": "/subscriptions/a69f5137-c2bc-414f-be0e-95b97c2cbce7/resourceGroups/nic/providers/Microsoft.Sql/servers/nic-1/databases/$SIM",
    "marketplaceItemId": "Microsoft.SQLDatabase"
  },
  "properties": {
    "templateHash": "16644265953426175763",
    "parameters": {
      "administratorLogin": {
        "type": "String",
        "value": "Administrator000"
      },
      "administratorLoginPassword": {
        "type": "SecureString"
      },
      "administrators": {
        "type": "Object",
        "value": {
          "administratorType": "activeDirectory",
          "login": "Azure Key Vault",
          "sid": "cfa8b339-82a2-471a-a3c9-0fc0be7a4093",
          "tenantId": "55615320-3de3-4b48-92f7-89e797be5a99",
          "azureADOnlyAuthentication": false,
          "principalType": "Application"
        }
      },
      "collation": {
        "type": "String",
        "value": "SQL_Latin1_General_CP1_CI_AS"
      },
      "databaseName": {
        "type": "String",
        "value": "$SIM"
      },
      "skuName": {
        "type": "String",
        "value": "GP_Gen5"
      },
      "tier": {
        "type": "String",
        "value": "GeneralPurpose"
      },
      "poolLimit": {
        "type": "String",
        "value": "2"
      },
      "poolSize": {
        "type": "Int",
        "value": 34359738368
      },
      "perDatabasePerformanceMin": {
        "type": "String",
        "value": "0"
      },
      "perDatabasePerformanceMax": {
        "type": "String",
        "value": "2"
      },
      "serverLocation": {
        "type": "String",
        "value": "eastus"
      },
      "serverName": {
        "type": "String",
        "value": "nic-1"
      },
      "elasticPoolName": {
        "type": "String",
        "value": "nic.c"
      },
      "sampleName": {
        "type": "String",
        "value": ""
      },
      "zoneRedundant": {
        "type": "Bool",
        "value": false
      },
      "licenseType": {
        "type": "String",
        "value": "LicenseIncluded"
      },
      "enableADS": {
        "type": "Bool",
        "value": true
      },
      "allowAzureIps": {
        "type": "Bool",
        "value": false
      },
      "databaseTags": {
        "type": "Object",
        "value": {}
      },
      "serverTags": {
        "type": "Object",
        "value": {}
      },
      "elasticPoolTags": {
        "type": "Object",
        "value": {}
      },
      "enableVA": {
        "type": "Bool",
        "value": true
      },
      "useVAManagedIdentity": {
        "type": "Bool",
        "value": false
      },
      "enablePrivateEndpoint": {
        "type": "Bool",
        "value": false
      },
      "privateEndpointNestedTemplateId": {
        "type": "String",
        "value": "pe-3f16b600-f17e-4e30-b512-9a50f701f019"
      },
      "privateEndpointSubscriptionId": {
        "type": "String",
        "value": ""
      },
      "privateEndpointResourceGroup": {
        "type": "String",
        "value": ""
      },
      "privateEndpointName": {
        "type": "String",
        "value": ""
      },
      "privateEndpointLocation": {
        "type": "String",
        "value": ""
      },
      "privateEndpointSubnetId": {
        "type": "String",
        "value": ""
      },
      "privateLinkServiceName": {
        "type": "String",
        "value": ""
      },
      "privateLinkServiceServiceId": {
        "type": "String",
        "value": ""
      },
      "privateEndpointVnetSubscriptionId": {
        "type": "String",
        "value": ""
      },
      "privateEndpointVnetResourceGroup": {
        "type": "String",
        "value": ""
      },
      "privateEndpointVnetName": {
        "type": "String",
        "value": ""
      },
      "privateEndpointSubnetName": {
        "type": "String",
        "value": ""
      },
      "enablePrivateDnsZone": {
        "type": "Bool",
        "value": true
      },
      "privateLinkPrivateDnsZoneFQDN": {
        "type": "String",
        "value": "privatelink.database.windows.net"
      },
      "privateEndpointDnsRecordUniqueId": {
        "type": "String",
        "value": "3f16b600-f17e-4e30-b512-9a50f701f01c"
      },
      "privateEndpointTemplateLink": {
        "type": "String",
        "value": "https://sqlazureextension.hosting.portal.azure.net/sqlazureextension/Content/2.1.01957231/DeploymentTemplates/PrivateEndpoint.json"
      },
      "privateDnsForPrivateEndpointTemplateLink": {
        "type": "String",
        "value": "https://sqlazureextension.hosting.portal.azure.net/sqlazureextension/Content/2.1.01957231/DeploymentTemplates/PrivateDnsForPrivateEndpoint.json"
      },
      "privateDnsForPrivateEndpointNicTemplateLink": {
        "type": "String",
        "value": "https://sqlazureextension.hosting.portal.azure.net/sqlazureextension/Content/2.1.01957231/DeploymentTemplates/PrivateDnsForPrivateEndpointNic.json"
      },
      "privateDnsForPrivateEndpointIpConfigTemplateLink": {
        "type": "String",
        "value": "https://sqlazureextension.hosting.portal.azure.net/sqlazureextension/Content/2.1.01957231/DeploymentTemplates/PrivateDnsForPrivateEndpointIpConfig.json"
      },
      "allowClientIp": {
        "type": "Bool",
        "value": false
      },
      "clientIpRuleName": {
        "type": "String",
        "value": "ClientIp-2022-5-14_6-8-36"
      },
      "clientIpValue": {
        "type": "String",
        "value": "89.103.156.225"
      },
      "requestedBackupStorageRedundancy": {
        "type": "String",
        "value": "Geo"
      },
      "maintenanceConfigurationId": {
        "type": "String",
        "value": "/subscriptions/a69f5137-c2bc-414f-be0e-95b97c2cbce7/providers/Microsoft.Maintenance/publicMaintenanceConfigurations/SQL_Default"
      },
      "keyId": {
        "type": "String",
        "value": ""
      },
      "identity": {
        "type": "Object",
        "value": {
          "type": "None"
        }
      },
      "primaryUserAssignedIdentityId": {
        "type": "String",
        "value": ""
      },
      "minimalTlsVersion": {
        "type": "String",
        "value": "1.2"
      },
      "connectionType": {
        "type": "String",
        "value": "Default"
      },
      "enableSqlLedger": {
        "type": "Bool",
        "value": false
      },
      "enableDigestStorage": {
        "type": "String",
        "value": "Disabled"
      },
      "digestStorageOption": {
        "type": "String",
        "value": ""
      },
      "digestStorageName": {
        "type": "String",
        "value": ""
      },
      "blobStorageContainerName": {
        "type": "String",
        "value": ""
      },
      "retentionDays": {
        "type": "String",
        "value": ""
      },
      "retentionPolicy": {
        "type": "Bool",
        "value": false
      },
      "digestAccountResourceGroup": {
        "type": "String",
        "value": ""
      },
      "digestRegion": {
        "type": "String",
        "value": ""
      },
      "storageAccountdigestRegion": {
        "type": "String",
        "value": ""
      },
      "isNewDigestLocation": {
        "type": "Bool",
        "value": false
      },
      "sqlLedgerTemplateLink": {
        "type": "String",
        "value": "https://sqlazureextension.hosting.portal.azure.net/sqlazureextension/Content/2.1.01957231/DeploymentTemplates/SqlLedger.json"
      },
      "servicePrincipal": {
        "type": "Object",
        "value": {
          "type": "None"
        }
      }
    },
    "mode": "Incremental",
    "debugSetting": {
      "detailLevel": "None"
    },
    "provisioningState": "Running",
    "timestamp": "2022-05-14T04:08:47.5419837Z",
    "duration": "PT4.102911S",
    "correlationId": "7ff913ee-412f-405d-a1b2-f9fa0cd18907",
    "providers": [
      {
        "namespace": "Microsoft.Storage",
        "resourceTypes": [
          {
            "resourceType": "storageAccounts",
            "locations": [
              "eastus"
            ]
          }
        ]
      },
      {
        "namespace": "Microsoft.Sql",
        "resourceTypes": [
          {
            "resourceType": "servers",
            "locations": [
              "eastus"
            ]
          },
          {
            "resourceType": "servers/elasticpools",
            "locations": [
              "eastus"
            ]
          },
          {
            "resourceType": "servers/databases",
            "locations": [
              "eastus"
            ]
          },
          {
            "resourceType": "servers/connectionPolicies",
            "locations": [
              "eastus"
            ]
          },
          {
            "resourceType": "servers/securityAlertPolicies",
            "locations": [
              null
            ]
          },
          {
            "resourceType": "servers/vulnerabilityAssessments",
            "locations": [
              null
            ]
          }
        ]
      }
    ],
    "dependencies": [
      {
        "dependsOn": [
          {
            "id": "/subscriptions/a69f5137-c2bc-414f-be0e-95b97c2cbce7/resourceGroups/nic/providers/Microsoft.Sql/servers/nic-1",
            "resourceType": "Microsoft.Sql/servers",
            "resourceName": "nic-1"
          },
          {
            "id": "/subscriptions/a69f5137-c2bc-414f-be0e-95b97c2cbce7/resourceGroups/nic/providers/Microsoft.Storage/storageAccounts/sqlvaqhipxqylhqqiq",
            "resourceType": "Microsoft.Storage/storageAccounts",
            "resourceName": "sqlvaqhipxqylhqqiq"
          },
          {
            "id": "/subscriptions/a69f5137-c2bc-414f-be0e-95b97c2cbce7/resourceGroups/nic/providers/Microsoft.Sql/servers/nic-1",
            "resourceType": "Microsoft.Sql/servers",
            "resourceName": "nic-1",
            "apiVersion": "2018-06-01-preview"
          }
        ],
        "id": "/subscriptions/a69f5137-c2bc-414f-be0e-95b97c2cbce7/resourceGroups/nic/providers/Microsoft.Storage/storageAccounts/sqlvaqhipxqylhqqiq/providers/Microsoft.Authorization/roleAssignments/f4e60569-77df-51ba-b058-ba0a6fcc86d2",
        "resourceType": "Microsoft.Storage/storageAccounts/providers/roleAssignments",
        "resourceName": "sqlvaqhipxqylhqqiq/Microsoft.Authorization/f4e60569-77df-51ba-b058-ba0a6fcc86d2"
      },
      {
        "dependsOn": [
          {
            "id": "/subscriptions/a69f5137-c2bc-414f-be0e-95b97c2cbce7/resourceGroups/nic/providers/Microsoft.Sql/servers/nic-1",
            "resourceType": "Microsoft.Sql/servers",
            "resourceName": "nic-1"
          }
        ],
        "id": "/subscriptions/a69f5137-c2bc-414f-be0e-95b97c2cbce7/resourceGroups/nic/providers/Microsoft.Sql/servers/nic-1/elasticpools/nic.c",
        "resourceType": "Microsoft.Sql/servers/elasticpools",
        "resourceName": "nic-1/nic.c"
      },
      {
        "dependsOn": [
          {
            "id": "/subscriptions/a69f5137-c2bc-414f-be0e-95b97c2cbce7/resourceGroups/nic/providers/Microsoft.Sql/servers/nic-1",
            "resourceType": "Microsoft.Sql/servers",
            "resourceName": "nic-1"
          },
          {
            "id": "/subscriptions/a69f5137-c2bc-414f-be0e-95b97c2cbce7/resourceGroups/nic/providers/Microsoft.Sql/servers/nic-1/elasticpools/nic.c",
            "resourceType": "Microsoft.Sql/servers/elasticpools",
            "resourceName": "nic-1/nic.c"
          }
        ],
        "id": "/subscriptions/a69f5137-c2bc-414f-be0e-95b97c2cbce7/resourceGroups/nic/providers/Microsoft.Sql/servers/nic-1/databases/$SIM",
        "resourceType": "Microsoft.Sql/servers/databases",
        "resourceName": "nic-1/$SIM"
      },
      {
        "dependsOn": [
          {
            "id": "/subscriptions/a69f5137-c2bc-414f-be0e-95b97c2cbce7/resourceGroups/nic/providers/Microsoft.Sql/servers/nic-1",
            "resourceType": "Microsoft.Sql/servers",
            "resourceName": "nic-1"
          }
        ],
        "id": "/subscriptions/a69f5137-c2bc-414f-be0e-95b97c2cbce7/resourceGroups/nic/providers/Microsoft.Sql/servers/nic-1/firewallrules/AllowAllWindowsAzureIps",
        "resourceType": "Microsoft.Sql/servers/firewallrules",
        "resourceName": "nic-1/AllowAllWindowsAzureIps"
      },
      {
        "dependsOn": [
          {
            "id": "/subscriptions/a69f5137-c2bc-414f-be0e-95b97c2cbce7/resourceGroups/nic/providers/Microsoft.Sql/servers/nic-1",
            "resourceType": "Microsoft.Sql/servers",
            "resourceName": "nic-1"
          }
        ],
        "id": "/subscriptions/a69f5137-c2bc-414f-be0e-95b97c2cbce7/resourceGroups/nic/providers/Microsoft.Sql/servers/nic-1/firewallrules/ClientIp-2022-5-14_6-8-36",
        "resourceType": "Microsoft.Sql/servers/firewallrules",
        "resourceName": "nic-1/ClientIp-2022-5-14_6-8-36"
      },
      {
        "dependsOn": [
          {
            "id": "/subscriptions/a69f5137-c2bc-414f-be0e-95b97c2cbce7/resourceGroups/nic/providers/Microsoft.Sql/servers/nic-1",
            "resourceType": "Microsoft.Sql/servers",
            "resourceName": "nic-1"
          }
        ],
        "id": "/subscriptions/a69f5137-c2bc-414f-be0e-95b97c2cbce7/resourceGroups/nic/providers/Microsoft.Sql/servers/nic-1/connectionPolicies/Default",
        "resourceType": "Microsoft.Sql/servers/connectionPolicies",
        "resourceName": "nic-1/Default"
      },
      {
        "dependsOn": [
          {
            "id": "/subscriptions/a69f5137-c2bc-414f-be0e-95b97c2cbce7/resourceGroups/nic/providers/Microsoft.Sql/servers/nic-1",
            "resourceType": "Microsoft.Sql/servers",
            "resourceName": "nic-1"
          },
          {
            "id": "/subscriptions/a69f5137-c2bc-414f-be0e-95b97c2cbce7/resourceGroups/nic/providers/Microsoft.Sql/servers/nic-1/databases/$SIM",
            "resourceType": "Microsoft.Sql/servers/databases",
            "resourceName": "nic-1/$SIM"
          }
        ],
        "id": "/subscriptions/a69f5137-c2bc-414f-be0e-95b97c2cbce7/resourceGroups/nic/providers/Microsoft.Sql/servers/nic-1/securityAlertPolicies/Default",
        "resourceType": "Microsoft.Sql/servers/securityAlertPolicies",
        "resourceName": "nic-1/Default"
      },
      {
        "dependsOn": [
          {
            "id": "/subscriptions/a69f5137-c2bc-414f-be0e-95b97c2cbce7/resourceGroups/nic/providers/Microsoft.Sql/servers/nic-1",
            "resourceType": "Microsoft.Sql/servers",
            "resourceName": "nic-1"
          },
          {
            "id": "/subscriptions/a69f5137-c2bc-414f-be0e-95b97c2cbce7/resourceGroups/nic/providers/Microsoft.Storage/storageAccounts/sqlvaqhipxqylhqqiq",
            "resourceType": "Microsoft.Storage/storageAccounts",
            "resourceName": "sqlvaqhipxqylhqqiq"
          },
          {
            "id": "/subscriptions/a69f5137-c2bc-414f-be0e-95b97c2cbce7/resourceGroups/nic/providers/Microsoft.Sql/servers/nic-1/securityAlertPolicies/Default",
            "resourceType": "Microsoft.Sql/servers/securityAlertPolicies",
            "resourceName": "nic-1/Default"
          },
          {
            "id": "/subscriptions/a69f5137-c2bc-414f-be0e-95b97c2cbce7/resourceGroups/nic/providers/Microsoft.Storage/storageAccounts/sqlvaqhipxqylhqqiq",
            "resourceType": "Microsoft.Storage/storageAccounts",
            "resourceName": "sqlvaqhipxqylhqqiq",
            "actionName": "listKeys",
            "apiVersion": "2018-02-01"
          }
        ],
        "id": "/subscriptions/a69f5137-c2bc-414f-be0e-95b97c2cbce7/resourceGroups/nic/providers/Microsoft.Sql/servers/nic-1/vulnerabilityAssessments/Default",
        "resourceType": "Microsoft.Sql/servers/vulnerabilityAssessments",
        "resourceName": "nic-1/Default"
      },
      {
        "dependsOn": [
          {
            "id": "/subscriptions/a69f5137-c2bc-414f-be0e-95b97c2cbce7/resourceGroups/nic/providers/Microsoft.Sql/servers/nic-1/databases/$SIM",
            "resourceType": "Microsoft.Sql/servers/databases",
            "resourceName": "nic-1/$SIM"
          },
          {
            "id": "/subscriptions/a69f5137-c2bc-414f-be0e-95b97c2cbce7/resourceGroups/nic/providers/Microsoft.Resources/deployments/SubnetPolicies-",
            "resourceType": "Microsoft.Resources/deployments",
            "resourceName": "SubnetPolicies-"
          }
        ],
        "id": "/subscriptions/a69f5137-c2bc-414f-be0e-95b97c2cbce7/resourceGroups/nic/providers/Microsoft.Resources/deployments/PrivateEndpoint-",
        "resourceType": "Microsoft.Resources/deployments",
        "resourceName": "PrivateEndpoint-"
      },
      {
        "dependsOn": [
          {
            "id": "/subscriptions/a69f5137-c2bc-414f-be0e-95b97c2cbce7/resourceGroups/nic/providers/Microsoft.Resources/deployments/PrivateEndpoint-",
            "resourceType": "Microsoft.Resources/deployments",
            "resourceName": "PrivateEndpoint-"
          }
        ],
        "id": "/subscriptions/a69f5137-c2bc-414f-be0e-95b97c2cbce7/resourceGroups/nic/providers/Microsoft.Resources/deployments/PrivateDns-pe-3f16b600-f17e-4e30-b512-9a50f701f019",
        "resourceType": "Microsoft.Resources/deployments",
        "resourceName": "PrivateDns-pe-3f16b600-f17e-4e30-b512-9a50f701f019"
      },
      {
        "dependsOn": [
          {
            "id": "/subscriptions/a69f5137-c2bc-414f-be0e-95b97c2cbce7/resourceGroups/nic/providers/Microsoft.Sql/servers/nic-1",
            "resourceType": "Microsoft.Sql/servers",
            "resourceName": "nic-1"
          },
          {
            "id": "/subscriptions/a69f5137-c2bc-414f-be0e-95b97c2cbce7/resourceGroups/nic/providers/Microsoft.Sql/servers/nic-1/databases/$SIM",
            "resourceType": "Microsoft.Sql/servers/databases",
            "resourceName": "nic-1/$SIM"
          }
        ],
        "id": "/subscriptions/a69f5137-c2bc-414f-be0e-95b97c2cbce7/resourceGroups/nic/providers/Microsoft.Resources/deployments/ledger-",
        "resourceType": "Microsoft.Resources/deployments",
        "resourceName": "ledger-"
      }
    ],
    "validationLevel": "Template"
  }
}