{
  "id": "/subscriptions/a69f5137-c2bc-414f-be0e-95b97c2cbce7/resourceGroups/nic.c/providers/Microsoft.Resources/deployments/nicyapi",
  "name": "nicyapi",
  "type": "Microsoft.Resources/deployments",
  "tags": {
    "primaryResourceId": "/subscriptions/a69f5137-c2bc-414f-be0e-95b97c2cbce7/resourcegroups/nic.c/providers/Microsoft.Elastic/monitors/nicyapi",
    "marketplaceItemId": "elastic.ec-azure-ppess-monthly-consumption"
  },
  "properties": {
    "templateHash": "17708936851174763092",
    "parameters": {
      "monitorName": {
        "type": "String",
        "value": "nicyapi"
      },
      "monitorLocation": {
        "type": "String",
        "value": "westus2"
      },
      "monitorTags": {
        "type": "Object",
        "value": {}
      },
      "sku": {
        "type": "Object",
        "value": {
          "name": "ess-monthly-consumption_Monthly"
        }
      },
      "firstName": {
        "type": "String",
        "value": "hexbot"
      },
      "lastName": {
        "type": "String",
        "value": "bot"
      },
      "companyName": {
        "type": "String",
        "value": "Default Directory"
      },
      "emailAddress": {
        "type": "String",
        "value": "content_api@outlook.cz"
      },
      "domain": {
        "type": "String",
        "value": "contentapioutlook.onmicrosoft.com"
      },
      "country": {
        "type": "String",
        "value": "CZ"
      },
      "tagRulesProperties": {
        "type": "Object",
        "value": {
          "logRules": {
            "sendAadLogs": false,
            "sendSubscriptionLogs": false,
            "sendActivityLogs": false,
            "filteringTags": []
          }
        }
      }
    },
    "mode": "Incremental",
    "debugSetting": {
      "detailLevel": "None"
    },
    "provisioningState": "Running",
    "timestamp": "2022-05-14T05:03:31.0620986Z",
    "duration": "PT57.1675114S",
    "correlationId": "d0cdac18-904e-46ce-8e13-f05fa18fa0e0",
    "providers": [
      {
        "namespace": "Microsoft.Elastic",
        "resourceTypes": [
          {
            "resourceType": "monitors",
            "locations": [
              "westus2"
            ]
          },
          {
            "resourceType": "monitors/tagRules",
            "locations": [
              null
            ]
          }
        ]
      }
    ],
    "dependencies": [
      {
        "dependsOn": [
          {
            "id": "/subscriptions/a69f5137-c2bc-414f-be0e-95b97c2cbce7/resourceGroups/nic.c/providers/Microsoft.Elastic/monitors/nicyapi",
            "resourceType": "Microsoft.Elastic/monitors",
            "resourceName": "nicyapi"
          }
        ],
        "id": "/subscriptions/a69f5137-c2bc-414f-be0e-95b97c2cbce7/resourceGroups/nic.c/providers/Microsoft.Elastic/monitors/nicyapi/tagRules/default",
        "resourceType": "Microsoft.Elastic/monitors/tagRules",
        "resourceName": "nicyapi/default"
      }
    ],
    "validationLevel": "Template"
  }
}