[
  {
    "id": "/subscriptions/a69f5137-c2bc-414f-be0e-95b97c2cbce7/resourceGroups/nic.c/providers/Microsoft.Resources/deployments/nicyapi/operations/2866E2A49A2C0106",
    "operationId": "2866E2A49A2C0106",
    "properties": {
      "provisioningOperation": "Create",
      "provisioningState": "Running",
      "timestamp": "2022-05-14T05:03:31.1001485Z",
      "duration": "PT56.6669876S",
      "trackingId": "8299d950-4746-4e9d-9da7-f5e09f4db67a",
      "statusCode": "Created",
      "targetResource": {
        "id": "/subscriptions/a69f5137-c2bc-414f-be0e-95b97c2cbce7/resourceGroups/nic.c/providers/Microsoft.Elastic/monitors/nicyapi",
        "resourceType": "Microsoft.Elastic/monitors",
        "resourceName": "nicyapi"
      }
    }
  }
]