[
  {
    "id": "/subscriptions/a69f5137-c2bc-414f-be0e-95b97c2cbce7/resourceGroups/DefaultResourceGroup-CUS/providers/Microsoft.Resources/deployments/Microsoft.Azure.CosmosDB-20220514053802/operations/A38EA3A36D7A4A1F",
    "operationId": "A38EA3A36D7A4A1F",
    "properties": {
      "provisioningOperation": "Create",
      "provisioningState": "Running",
      "timestamp": "2022-05-14T03:38:22.6832601Z",
      "duration": "PT15.8311342S",
      "trackingId": "0bf9e9f2-1b4e-46a6-a6e0-cfa1de3331d8",
      "statusCode": "OK",
      "targetResource": {
        "id": "/subscriptions/a69f5137-c2bc-414f-be0e-95b97c2cbce7/resourceGroups/DefaultResourceGroup-CUS/providers/Microsoft.DocumentDb/databaseAccounts/nic",
        "resourceType": "Microsoft.DocumentDb/databaseAccounts",
        "resourceName": "nic"
      }
    }
  }
]