{
  "id": "/subscriptions/a69f5137-c2bc-414f-be0e-95b97c2cbce7/resourceGroups/DefaultResourceGroup-CUS/providers/Microsoft.Resources/deployments/Microsoft.Azure.CosmosDB-20220514053802",
  "name": "Microsoft.Azure.CosmosDB-20220514053802",
  "type": "Microsoft.Resources/deployments",
  "tags": {
    "primaryResourceId": "/subscriptions/a69f5137-c2bc-414f-be0e-95b97c2cbce7/resourcegroups/DefaultResourceGroup-CUS/providers/Microsoft.DocumentDB/databaseAccounts/nic",
    "marketplaceItemId": "Microsoft.DocumentDB"
  },
  "properties": {
    "templateHash": "7416582011505403499",
    "parameters": {
      "name": {
        "type": "String",
        "value": "nic"
      },
      "location": {
        "type": "String",
        "value": "westus"
      },
      "locationName": {
        "type": "String",
        "value": "West US"
      },
      "defaultExperience": {
        "type": "String",
        "value": "Core (SQL)"
      },
      "isZoneRedundant": {
        "type": "String",
        "value": "false"
      },
      "pairedLocation": {
        "type": "String",
        "value": "eastus"
      },
      "pairedLocationName": {
        "type": "String",
        "value": "East US"
      }
    },
    "mode": "Incremental",
    "debugSetting": {
      "detailLevel": "None"
    },
    "provisioningState": "Running",
    "timestamp": "2022-05-14T03:38:22.5643183Z",
    "duration": "PT16.8278954S",
    "correlationId": "68aa56a5-e976-4425-af15-8e36844d62fa",
    "providers": [
      {
        "namespace": "Microsoft.Network",
        "resourceTypes": [
          {
            "resourceType": "virtualNetworks",
            "locations": [
              "westus"
            ]
          }
        ]
      },
      {
        "namespace": "Microsoft.DocumentDb",
        "resourceTypes": [
          {
            "resourceType": "databaseAccounts",
            "locations": [
              "westus"
            ]
          }
        ]
      }
    ],
    "dependencies": [],
    "validationLevel": "Template"
  }
}